temperature,humidity,gas,current,vibration
56.24178538252808,56.99677718293001,113.24821725025619,3.8,0.2895554476524546
54.65433924707204,54.62316841456384,118.55481329284483,4.155845995688199,0.3478157557742641
56.61922134525173,50.29815184960087,112.07580079000039,4.3345577866313425,0.3512611810431112
58.80757464102006,46.76531611147213,116.9203847036096,5.255075062936076,0.38308412420903837
54.41461656319166,53.49111656806795,101.06385333046214,4.722621249813503,0.25431991457034214
54.41465760762705,51.96742692710875,122.13293707372938,3.9658073723600435,0.39147970916931313
58.94803203876848,54.47596610013866,120.01205475362224,4.694414515767055,0.18
56.91858682288227,53.175859008409844,111.82911368931809,3.881078404424654,0.30590808133453323
53.82631403516262,55.247763576596675,126.59245668432405,4.933076421554829,0.31582083102839187
56.35640010896491,47.32382394219716,129.3757013762656,4.311550139272849,0.39433287782498666
53.841455767968846,56.58697032817163,103.92440135631026,4.462545524504332,0.3515841596873808
53.835675616074354,50.987998023462,112.37275221433785,5.030318659016876,0.2516105862300599
55.60490567891509,60.37630436312633,112.30857650212702,3.9851345725663,0.2810504811928089
50.216799388355504,46.55406090955216,110.60096898891135,3.9411527259548036,0.36390760066831845
50.68770541871742,58.67981901582625,128.29474841931747,4.266560269461598,0.344465286069481
53.59428117689757,50.98955391731324,118.06173861227197,4.915351540407727,0.3094613123254977
52.467922199163944,46.74290998192776,117.35485158689389,3.892261569809263,0.31634163473416144
55.78561833148819,47.580570829728394,99.96137635593246,3.8,0.3987317598011502
52.72993981119697,48.3982634590284,126.35418030209226,4.3195364566364,0.31376151989915496
51.46924074666177,52.12082973200958,107.60741605146528,4.720696319964368,0.3438336129179648
58.664121922303885,52.6141774401775,120.59932630266329,4.980104699895532,0.5018955611656379
54.43555924878366,47.131499980307105,122.77376937958192,4.314735455165841,0.25034221541812535
55.16882051171981,49.87822703869509,133.60658595838652,4.335429357153599,0.22037100878977386
51.438129534466356,60.71135179305932,106.91179600880888,4.961560293702299,0.40485127653590247
53.63904318868704,58.637715850503554,90.0,3.8,0.30249498570941274
55.27730647427467,52.18161834837016,121.83849544753694,4.344591689926796,0.3277233730580166
52.12251605644424,50.190017390841,138.00511181510853,4.576169555970023,0.295319053530822
55.93924504586418,50.600156633591304,132.38946352939436,4.679687488514014,0.3318139901462741
53.49840327520299,53.06758986365208,122.09659415274626,4.296077322723647,0.46189766784674385
54.27076562551681,44.886037174007974,115.08363814367952,4.5137764046823365,0.4061489921032683
53.495733469426504,48.71311731288328,128.0712259663731,3.8,0.4103556458320884
59.630695461272346,41.65707963061205,110.26453800295532,4.236700635066461,0.25086410609451476
54.96625693815516,51.9961156130264,124.7635776935622,4.681403485021787,0.2694192384412991
52.35572267761025,53.2359796985137,125.05470159166627,4.107082386298128,0.18
57.05636228025797,47.58406768850313,130.60209907498879,4.523593688635839,0.2933433425242072
51.947890875072446,57.869933816450164,147.5966003891108,4.678749000321079,0.4169692230469961
55.52215898751189,43.8711716849883,123.92415967178766,4.362980319656894,0.38618625610238594
50.10082469030056,42.6781255989509,114.91036374292501,4.568185508398629,0.3344940715933513
51.67953487775392,51.12225909279986,119.74425687808005,4.114906973886155,0.3484389801397363
55.49215308967281,55.23549151306077,102.30924095110882,4.417355488121581,0.30177801201972154
56.84616644998852,58.419638457289345,113.05286868910942,4.744086467835689,0.3643331217681249
55.428420702974925,47.7055786856553,115.90717561886896,4.562789184387373,0.403611479563643
54.7108792940294,55.393404167156476,114.75911602065408,4.265387492174426,0.23688792488126686
54.24724076102678,49.80745765249647,121.52354872033722,4.589686561716317,0.37097533814861433
51.303695024081435,49.1368635002959,111.775800676178,4.785843916254647,0.4152704409668267
53.200389479013225,54.41829968743336,131.2103066732447,3.8,0.3209429797725641
53.84840307260053,53.261614392067095,120.00207064918197,4.963629625982359,0.39904904284844084
57.64280556554729,42.11803921507875,119.90699678861374,4.365498104527571,0.5470258111130787
55.859045723921156,57.38270174862948,116.72105283487082,4.670195973296092,0.3426960044909175
50.592399611593166,56.90045677073726,121.55190683858979,4.978898769458091,0.3775314935003727
55.81020992348699,46.87218649245235,128.25098264667633,3.951330521107814,0.29833600414370254
54.03729429895921,51.979017667187044,111.328697842891,4.216223599028981,0.3626875813821435
53.3076949992351,52.47015093141369,113.41883510924744,4.384580521649718,0.38221901374876127
56.52919072210217,51.303368829119535,116.96273971223336,4.186498591550229,0.36363896381890964
57.57749880623988,47.2484742307729,106.54129076526785,5.193974630334724,0.27862132762038
57.328200297790495,46.64188316030974,111.80742140278502,4.157291162469283,0.3644453239927815
52.901956191943405,49.87222964504277,115.23779126455341,4.2777812882052535,0.4523537157102346
54.226969060371964,55.86364509629682,128.74389180712728,4.5817556126411905,0.3814045035160169
55.82815857850891,52.71800077297216,122.62561329001926,4.019140189569565,0.4173391032350289
57.4388628178059,48.14692833956947,121.93589911367545,4.341727715297495,0.33340916209911603
53.80206440538677,53.85849355324172,128.5089796216797,4.62698130450007,0.4024930167596597
54.53585255834046,35.75728689684962,118.62628211600604,4.3668558382469955,0.3695487486751568
52.23416256498493,55.74382850186052,123.9046484992889,4.4626452564400205,0.28343624892189373
52.00948343979832,41.301431106109504,118.96778247067503,4.288267155020652,0.37229647033592117
57.031314555985496,48.18779529298434,122.65362349399628,3.8942118763276934,0.28058123355917824
58.39060007142706,44.40165052686928,114.17241342388418,4.628637284535696,0.30569838075806455
54.819974696049165,43.52659262139547,95.61182841723571,5.201973228658897,0.36325298151046614
57.50883224473006,55.8041339368926,118.65720837813696,4.507360652313375,0.37080709913660864
55.90409006261908,47.661493993440544,134.2274813609994,4.59010564689902,0.2667537274446009
53.38720061348719,51.73251940865358,129.26215402241593,4.777089102046744,0.42377900398280133
55.903489013771036,49.76539710560408,129.6539748459117,3.9922678013813204,0.39004043948103306
58.84509141616492,52.385204136115604,132.36130721806217,5.181005863251842,0.3006690095072381
54.91043490222512,50.38410945530128,120.88657590961438,4.580931518569121,0.2423690642485577
58.91160913953502,43.58503887905715,121.97315707405596,5.152742759635643,0.33985667946429976
48.45063723977564,54.9813340972357,113.8234810456565,4.206786801790404,0.31878394002971877
57.054756260938056,47.531217084193436,116.8392714397295,5.22722476902313,0.3579198319937116
55.21761767059543,42.21709050670125,126.15771149771142,4.810062197613913,0.3245818337191103
54.25248162383533,47.85942419517044,132.03884437168816,4.7212160343409435,0.20947801974784927
55.22940194133876,57.503798953171554,118.60553724319,4.593609781741259,0.3228157143189189
50.031077713497766,54.251108710567465,115.49810735148588,4.400588552770221,0.32860666222521806
54.45082028040622,48.2567393279607,120.00527958856597,4.980212663389549,0.3943562717341841
55.892781428779365,48.25371147840786,126.01206748929116,4.556143947939219,0.3011260227772265
58.69473511185379,48.391824743913084,105.56145183866458,3.8,0.4675072271360796
53.70432445431588,60.383739917804206,97.03819046862762,4.053125415317199,0.21618516145437697
52.97876599276703,51.90967726115777,114.49463150508416,4.425661699122901,0.4417817248461837
53.74560739103866,52.15020823595535,107.79287574085842,4.623999593266222,0.33429767203853267
57.28850529425519,55.151417270159214,114.9185980235269,4.477364604440042,0.41017094106404894
55.821877774149215,51.19394579513257,118.52219681182528,4.987588315917465,0.35558610388411127
53.6755994905824,48.704789270896484,115.46751590976987,3.8,0.4297688875217828
56.28316858278339,49.01825075457511,134.52467534470745,4.557435174602064,0.3228846624813032
55.2426938733701,49.64199370292968,123.2674476460232,3.8,0.2730965702375531
57.42161247633222,49.813888817450795,123.00474359610828,4.803884918193668,0.4494353001089744
53.24486726530662,53.6381477181849,126.22207144043402,4.462216514223199,0.3420563547882501
54.18084463350558,50.2597294290365,108.61166882219231,4.667843988809647,0.36550909315369473
54.0197296171696,53.6632003860779,130.39111787420268,4.154446815764094,0.43643263398313564
51.341212629669705,49.596417099457085,119.2423571346454,5.011785972663101,0.2777631330533895
55.74030069266144,50.39317595158045,126.70480617241212,4.916689865623541,0.391684362834748
55.65263818044972,40.00899657733946,109.28142766959844,4.733417721204755,0.3087073670475976
55.012783641606156,54.581638373512405,104.46241233983936,4.448193101254624,0.34074814510489393
54.413532166562135,51.73244237948996,128.1788965802503,4.7319429141180525,0.3550595275769002
51.46157314487397,54.99005054929826,123.76409526097517,4.21724297280506,0.24498446969871446
53.948386693086604,35.518723109031555,110.9794844564249,4.842222263608285,0.29548140700256953
54.14321370868308,60.44187352390364,111.30336918725305,5.159792357729568,0.44457510246891974
52.99430682694595,49.30205185922413,131.2543478441477,4.928244223991674,0.4120333832009357
54.59678572083498,55.54091408368758,108.10588107132672,4.2081590120770365,0.34561522958709356
56.010127142036346,44.800470364372345,136.42672953255965,4.644566926909241,0.3670186420959025
59.715464753026325,53.063869525312846,110.99379265352131,3.982743382496541,0.32940302460544796
55.4364445320796,44.732922184131716,126.38391925608383,4.728956124470271,0.44496083700795874
55.64387597680691,46.88115519652097,116.71381524251015,4.680241365145015,0.3359753195544085
54.81388521058458,59.570156769333934,126.03187431082343,3.8,0.3662289464494393
50.20307196175239,49.04658799618327,114.55885997885808,4.035286462435055,0.43022211008994454
54.93371531137696,51.087164365898616,118.37207093927705,4.386744441302493,0.2955839960607865
55.15057552485256,54.35033865344377,120.40919175395722,4.379656101143669,0.45911524291478256
61.15810528121322,52.47840943986302,109.97812544218527,4.016209225832478,0.2428677013179636
54.519097588047195,50.75209452571788,127.40824345420125,4.655591491740874,0.4640749491778959
55.75386835583403,51.824805012331126,114.86786433528415,4.6005894435762045,0.32391270912336173
54.913220575736894,62.01707792619138,117.71400084659982,4.422292347208592,0.33301108765223025
52.07830490595117,49.711906014832074,110.05650625391488,4.197683399936655,0.21769928801719396
57.85705703628755,51.00549523357484,94.3766634120469,4.9194828505666255,0.3181643697835615
56.87983258171693,55.25327198003806,118.08972237399831,5.1621628452353185,0.27721354282811805
56.977579867607616,55.52762966478992,144.12615421612915,4.306575406461385,0.3074647558238569
52.72653136301315,55.9351515278019,127.84604287898024,4.255133233138071,0.3403882323947784
58.50698577734025,53.19365111014592,119.80739620265605,4.696483066164799,0.4170454130131034
51.4953723430193,44.28497543634758,117.37109170791733,4.356788248101205,0.3645322345980438
56.467142734500676,58.16715766150548,120.22465892812046,4.4442411197347065,0.37153736573807794
60.47613906452494,44.26827303490656,125.4711911517521,4.795861260689868,0.2733136427808106
52.52365918717328,51.51317732619517,108.19187184691155,3.8,0.28834721372780886
53.58425567599307,46.22862074990321,131.1432169466887,5.027320929941068,0.4759107512845918
55.2491284127191,49.67930826703504,127.15381315441245,4.529072209731736,0.2985359275665727
53.741310864709504,51.6438120515174,127.18185725707934,4.335402742175128,0.4659345776440107
51.12334142233467,51.606786077251364,124.38475738809727,4.46430633831142,0.3329857160783393
55.17140743701507,52.109603771176424,120.1961665769399,4.484971742008208,0.35016015553004526
52.34424071568474,58.06855634529324,126.72861235966819,3.8075194786220297,0.4249255612160951
56.183981076587955,52.2676715075699,125.91814133741379,5.097975290981294,0.43903246953570596
52.70143941441549,48.779216823546754,116.45959289058976,4.516530252908248,0.34224312078046387
58.87483601254385,54.820435841441785,114.263982271031,4.67720085217895,0.32282298625349226
53.041866769159405,55.947352444623206,121.01856295261987,4.880619908229617,0.3460855686034451
54.19484620948581,43.861960924315035,135.49020151495188,4.09153501697588,0.37365702697624825
57.033793043424176,52.98700034924929,107.60892924346099,4.689388759614092,0.4123912580808829
51.922839208915114,53.50586371155449,105.3247473424756,4.3929435636404826,0.35029609012959056
55.568649836510325,48.51218248320004,121.64760841236517,4.838708310086598,0.39332204086162076
58.26785688570607,56.878534066558096,120.50887701856018,3.8,0.46468518125896585
50.981291913596934,49.249722064837364,121.73341664370409,4.460362279903492,0.3766916728585349
55.46158464633076,50.62788226735771,122.439531979085,4.258871737686415,0.3718156999203345
55.64970698562106,49.134640878580655,117.76797745365195,4.672905180253662,0.24367624224369522
56.95455717944328,50.077895237907335,134.89863438602083,4.688017674947281,0.18
51.907623222804794,44.51862456552399,103.99096021523485,4.21694964207119,0.3771863010461118
51.69885846728931,42.799745587028525,111.71502975219754,4.215130454329582,0.34336230381033894
56.30485391404224,57.97252531612486,118.96745239850952,4.455733852577068,0.31396521275596806
55.742461683082965,45.76519325840836,103.56811188845833,4.141343109073917,0.3670471142930441
55.62623212586469,45.04303825271847,118.24145595567929,4.836793478180851,0.3457717389562164
55.86612052374244,39.23304943198143,136.6147016572802,4.352317119821022,0.4289446175443729
53.29993819605377,46.80519126155249,120.20886488295962,3.8,0.3560277607781284
55.58063424290251,43.384551032962506,122.30700905718683,4.3500711773512775,0.29771537004508825
55.732681183246704,58.21007580068184,107.3983523482742,4.084582471662411,0.4193116367271502
53.21412145493408,55.04908544671317,113.83638591960522,3.847489673815622,0.3348008247537658
59.66443627786189,46.55924827411138,116.24803619676064,4.005029344710971,0.3868575678570615
56.184582302279466,61.26217902672154,116.82284903243766,4.543763388733188,0.31658125056650394
52.02174125699338,54.90882743495797,132.81643795003768,5.031456331299292,0.3045121180151794
56.64138402158457,48.37584308245689,125.57691060725125,4.625273789545992,0.3558917761129987
52.5632958244317,37.50297142563214,108.88542043062968,4.257398644713704,0.35089800504805796
56.96771150935613,61.454712862953706,122.46504778432005,4.682361678068281,0.38358789247567826
57.89648894751851,43.05213766618202,124.98221748496785,4.316363875912403,0.331194797268318
52.94829420412072,41.77300626521554,131.40149038521267,4.222159852334742,0.22145481513607215
57.4084403231108,55.1128521600482,135.80540686568372,4.038254932706806,0.31970582814881277
56.03195231734124,62.19876203169636,109.84905808172131,3.8,0.4055672927000671
57.055150399986225,56.921364092552594,111.89142488789662,4.344030517376222,0.3291836744529825
59.741982456634865,52.8195456002618,107.42422141085383,4.5632213959680525,0.3327531618239816
54.38652970999282,52.97377170832643,117.65980140893019,4.461350531994044,0.41904635541341556
53.11565958910628,54.267077793901535,124.66358374446334,4.333613228821057,0.3001618740918754
52.77621392593619,53.79464294893383,129.873345165891,4.121701575721287,0.242003774722997
52.96047428758641,51.40595711984688,119.24048976357477,4.743298476673988,0.3387558216332154
54.80724572646474,50.52100551975938,116.80152476745155,3.973147232021366,0.31610782341258836
55.85287993704161,49.68703436050239,121.5175799224874,4.81041116553739,0.2823627576172722
55.691726998325045,46.230177055666616,111.64857098369977,4.09911319242931,0.3377235080870916
57.067958122590056,48.59662461566613,140.89538721694774,4.199025905058786,0.38440539530727486
55.032504729694764,41.535215929023074,103.92338972881942,3.913285923753729,0.3493498006902529
58.633835192893294,49.50830186602625,121.84740578895725,4.299439141245745,0.3714886750880366
54.33835791690511,45.057044464245415,140.2360621922964,4.890124983391192,0.4769385388960796
61.80042291647405,44.48205341392114,120.06799844559998,4.706251235377582,0.3259984796909705
56.56416836941251,50.89947075576739,118.09960964998506,4.891368844811214,0.36948440442512687
52.85710610895929,56.960011431723,116.42554577189573,4.708857018373575,0.31435506461806056
52.32276875484722,54.59158303001156,118.19608318237592,4.058532068587852,0.2907548196079119
56.206181038107964,42.14749698188411,133.7284847467653,4.367684310268977,0.30905646426075606
54.441343036685375,45.05185931714831,97.88138088670493,4.187920348353015,0.3164868999934818
56.78500123523023,54.70385593994108,135.33433701296326,5.0322299616156165,0.37516330582829877
56.18309406143386,45.08756303230845,105.76042847549854,4.021284541429475,0.514435305069053
54.817927718357815,48.87683425001488,117.33347670765585,4.857479075755644,0.29987695946069115
52.883015704828985,52.75026049512276,115.70755579701338,4.857181548043508,0.3208362286069176
51.212881938285335,45.15827772568182,125.88553269770719,5.231848080686435,0.3455813890822126
53.883712619832444,50.5268775307298,104.01875648116253,4.336125362948201,0.37770591940968223
57.140996985808684,43.32987252540898,124.62172666081943,4.784928863832065,0.3684485568368349
55.53523436032551,46.99316178024393,140.24309623286854,5.412660734615537,0.4398867055763682
51.88565305322003,51.598909670712686,106.3682599540719,4.252943329226522,0.18015255506253536
55.432952314627954,42.03503133234165,121.89706167610396,3.885983900987056,0.18291490908630287
55.963293449322094,52.202373689801995,113.3801782220339,3.8,0.3152885279592895
52.790356409497164,49.901811005366596,124.25887206193036,4.785084811544532,0.4268110131280596
55.38431276486382,52.76244977208574,120.19147777415752,3.8,0.24040463778760823
55.145521796115,51.119570670323306,113.58513090955691,4.3510723788248304,0.18
52.14257425542344,56.82070214986922,124.87872284871074,4.6749252748155845,0.3899825584353446
55.89446840087071,50.62612251323954,138.04348109786744,4.574070214731965,0.36705600565919
56.40196131592059,47.852972294373735,118.09096208272702,4.670177945673669,0.2736854115240399
57.70762810793819,50.61148751516142,127.19757942148182,4.588915942320342,0.2810122279495349
57.634505130087256,52.71649014518194,107.06727042128836,5.011546325325357,0.28211793962557274
51.55582658010727,50.244300351628524,110.43563623181991,4.119073447704481,0.3577374722231758
52.65543740021219,50.20295845601941,124.72406277880377,4.229201944616587,0.3061579306671895
56.28758816802165,46.49004156096622,134.84116028535965,4.19093622189167,0.38458447432828635
56.28446487728052,46.68549541224526,123.5561334878566,4.832076724745044,0.18
56.28761921576512,42.98697364100153,116.86941969476845,4.8601594353580255,0.290020369441054
62.0,58.7478837159347,119.99291405423354,4.680490127727404,0.27117622273622644
56.42722627673292,43.780683823043574,107.49592266030282,4.973397466755971,0.3320561525139255
57.8389141004515,46.53547401102046,126.04515326355367,4.028783653049448,0.3123366569056903
57.385004408733,46.40796367215401,128.82333062323409,5.166889644620455,0.40584906459270365
56.6284781282645,54.474621884722204,115.4790966716692,5.109295448684903,0.21984642598379595
54.21182688839914,48.52525160853986,115.29957852240499,4.794248798898299,0.3531844033431526
56.89742305123317,56.23871036336867,122.65878229652049,5.212719563508424,0.3890835496248194
53.067936963656074,46.63254687878066,115.63280263959405,3.8373507169288903,0.4799653205593368
54.40795348314998,51.39497081111901,119.33867385374178,4.290220745494939,0.3162763820234567
53.78659113042724,45.823264733701215,140.99721789166514,4.205878615727219,0.37271210230467616
55.20468534846581,60.72574563886694,117.52974299254004,4.788591729502937,0.22372960452063442
60.78664641668377,44.062007904852436,116.41659847978778,4.079943704159142,0.1825630656980883
50.33183701852063,51.54910355113514,113.5245819436484,4.802998059734994,0.409134206304719
56.715650475936286,53.168884404660496,127.44191971499937,5.048214457598686,0.34961077944463503
50.96821032202587,52.06899548725749,118.18775826781896,4.7780811600336,0.4324958882858896
53.82017033552641,49.07356170561146,113.50626961678574,4.6135004094646,0.25386179777211754
57.72237649241841,49.35089650133287,133.2130403227301,4.1048506636397,0.38639314976701267
55.16070004773866,50.21905735989555,134.19603004513638,4.161259613549854,0.4808172488380697
52.305638055176736,49.264989991857554,113.99576434261294,4.999847562118667,0.3793793925850086
53.21174072685008,54.81939558397455,101.33460048639384,4.811739601562133,0.3693607053913734
56.69899437233669,61.05261500795676,130.0751368983692,4.484392192248983,0.35059892565770445
53.174083420707156,47.21254107496083,113.15370174239996,4.332836181693644,0.24003829800118612
55.54114647395494,43.15098510210461,127.90625599162769,3.8,0.44489010549972435
55.11392959975954,49.55858975824373,100.29896182288164,4.071659032526225,0.3072399652136454
53.37099913098546,62.898546688271594,128.9259733829931,5.264567634855889,0.3853138279468112
60.35986022331331,45.98162716015135,107.8882807071922,3.9878177715990133,0.24058759854001222
56.58479755579503,58.195584027220335,127.30764119066525,4.5757919284884325,0.26743782348445533
49.93714353335598,58.388504070382204,120.14273067836434,4.90297758927808,0.45045611794555646
55.466135786923566,47.23205879146003,110.46060580603356,3.998030932799083,0.325688839772951
53.34553383807903,52.84491539592638,115.9296368707322,4.573884189912433,0.4517292833229781
57.13108333699056,58.14198311564269,126.86318456956701,4.875166215004262,0.34452385386590373
53.01869815391825,48.10436129506257,121.05894453115235,4.5049997287629004,0.22106715589294995
54.71315889633275,48.98209819948819,125.84412980472484,5.647361222266707,0.41244473198122045
56.26246819745114,47.09159543025678,139.76440584515487,3.832560296448722,0.3087075377571074
57.16438798542531,44.92621634653567,104.35758388288949,4.9234914119535516,0.39890821694619305
51.99925898236056,46.75361227466996,136.17212574968624,4.430879305041414,0.3517647607278057
54.16374691039763,43.880298666188715,121.04355937523214,4.80876806193467,0.24198172404399906
53.81263672209761,50.17041734129613,111.01215951676872,4.6765228606796985,0.3615006335759398
53.36667691856572,46.150133844706794,106.6968637426101,4.206737521156001,0.5037356199506959
59.41363560070274,51.168929558953735,118.10879609222967,4.591598556983736,0.3845090520960121
56.01245427740239,42.22052176898186,129.21650111924458,3.8,0.34597375728961755
51.847790114162386,51.654401161072286,118.72450879622465,4.741299000228557,0.42527403813698283
57.29465486763694,54.16764480804462,135.11154930247346,4.61926338639621,0.3647467925642177
60.305390492531586,40.03132178714272,105.48824309948441,4.755464067457241,0.3646673961183956
57.581163151377865,51.87028284923786,119.87911052153946,4.92324733003486,0.2735862379488628
51.20157508511497,56.13834496236646,107.47606555586881,4.647047936083885,0.36636936180527185
53.78941481783437,43.951794906543974,123.63631882624968,4.5592357679193105,0.4224810391491861
58.16727787296656,58.362861934188516,128.868873900973,4.147572665335483,0.29147564935299825
53.23082633595305,52.095095046830224,115.79238206318946,4.215111694540379,0.44971470748728637
56.10954857036557,46.47494072120796,93.95786143372865,4.974693848070933,0.3435805783098412
56.936585133573345,49.72115461171147,121.98948146796495,5.074534162282392,0.2878561341923021
52.68267382105479,52.791634562608614,124.3673855173351,4.404755825475179,0.4198342453844171
54.8511866098455,50.38002695706206,124.04294754961697,4.518401098901309,0.32992440349832114
48.0,52.693779962231844,132.35782191822153,4.1381542500024935,0.4031660421240275
52.43903089666428,45.39663203460317,109.28946320350951,4.969102738106978,0.32957689574190235
54.3685796215171,50.84680412018039,126.8021610545045,4.766166729476711,0.3458121699529067
51.88054204508788,42.9314275154751,131.92507512477974,5.2764869745855,0.3845492143034004
59.08102825982909,49.443869693256495,102.21412415993483,4.148670769128104,0.3703627940313004
51.42464655509842,45.48046179267605,123.19651825918977,4.348796840392713,0.21031277536837828
53.89988878325754,46.322350287051165,114.95820168992329,4.592578369010229,0.2715129381933925
55.326851443215226,56.18046587605219,119.18477326898355,4.758595815090308,0.4150586989353571
58.60318322266529,55.45655060297135,123.47676483538336,4.413732944980947,0.34075043877689165
51.410344622051404,53.045690604535885,115.12771435886448,4.15081556381852,0.31333880880600046
57.9079093803874,44.538436176637106,113.24291920838388,4.852563011569428,0.2548998189319768
55.02558265254897,48.41795775152599,120.34152417488025,4.788454145018233,0.2744184575106906
52.54622837238012,56.06548849989592,109.12754061137197,4.13349035977451,0.20847409520266363
56.155258685658175,50.70858456819953,109.14174871114814,5.042177120442198,0.3429103496908927
55.497649238933676,61.59664769990847,126.79373282956503,4.9680794836786415,0.3081093693593267
53.49945780710301,51.96658919697186,108.51205964841344,4.553718598899117,0.2823388476310279
55.17450521247505,50.960245582450156,126.66312500909211,4.531839144950415,0.34523136023824325
54.0367160078456,48.45441767898749,124.6259129285395,4.721623108446363,0.37547794415969166
55.28379336312812,50.66770452391141,102.74193271209403,4.155318771897496,0.4965238552546961
56.655326686302615,49.23765081809728,113.22435347664344,4.512012591665633,0.244168160630575
58.96504204036338,53.54054338344295,131.94109403047372,3.8,0.43115667303103655
51.90546125293288,54.78351158397292,110.18834468860318,4.850582258201174,0.418117109271055
60.33258343664067,46.070052697460255,115.35595737690612,3.875402711023256,0.29546350824363093
50.119780501193745,43.34383523221111,124.62060893251896,5.1013679313716,0.36422651682102214
54.62053726241104,40.818973134483514,127.83390509282596,4.36795196241342,0.31796567254636693
56.47079301621144,52.53995663456272,117.48461113955504,4.415333207227529,0.3629982006293117
55.702479669337585,44.48316696913063,114.02489805308359,4.248906437566197,0.4556391709383185
53.443251200448515,39.23554703523759,134.22369861698508,4.3847844504311695,0.3923924362841919
54.47969437410681,51.94289302265482,137.3889966379758,5.067412538059215,0.3856025861263409
53.76749766335292,62.46499758716395,129.78858050781795,3.8,0.319878347603175
53.52658810763947,49.96964544230053,120.85318142565023,5.010786154435275,0.2461160334552965
57.12400524255256,54.19245387225821,111.91734278359074,4.635209392440683,0.3354072252621714
55.89253871491262,50.40914679273782,111.69555593443435,4.017191340857114,0.43446257084047407
53.26772601184837,49.50555173404429,125.22514105265758,4.069875042780305,0.24309825003872462
57.248999688583126,54.59538241493884,124.18398220888683,5.170557210883281,0.2761437442276313
55.76824880219152,48.548627279056745,134.0159859294643,4.121797248022908,0.35883874153638473
57.0321552970974,51.33696157035951,126.5045009253614,4.038659795761616,0.2810741650606916
56.574072104809034,51.60848903098007,104.96919698240181,4.954925816945892,0.2945233587019351
52.92751247269482,46.659547731784755,130.5194761772292,4.635421150514365,0.3203480992790276
53.59954739950758,54.960211747682614,110.01939372685587,4.124829769385441,0.2544067817066895
56.86823401280815,49.12520121652296,116.16028728047648,4.586649990161848,0.2818114707648542
56.52592566358366,46.221274202535774,122.50200206251695,4.089698926543889,0.3992399541751116
54.94774601508963,52.68254921785202,139.95667489783963,4.940328559369042,0.25848411524383247
55.293318458271955,45.50766009104481,150.0,4.924548385949254,0.23814895058536134
58.19416223947106,50.14090578684564,126.06723059136183,4.7128024795287775,0.3058982514326274
53.52107152791042,49.954405016778985,118.16803381279612,4.6446644244988065,0.4012368851756892
56.3677434529251,55.42947782915789,125.3450564848055,5.20447524994695,0.3362154734402177
54.494518368915266,52.373491164399766,128.87655425873837,4.4998745309552906,0.3174793245319067
54.45579699193195,49.87486520627428,116.79332374442808,4.02725034983168,0.3531051158260925
57.74694212996798,54.08883149600143,137.95211355912323,4.679789565132923,0.22780047969982434
57.06354087247008,56.951037745086566,122.30070759191402,5.334418819814846,0.38462939576425226
57.03377409000159,52.78905153175931,124.97743089091394,4.094096202725659,0.37684045219825507
58.263697017885825,50.051763099216906,126.65924252054461,4.355414893322406,0.3213484068132995
55.0525096040819,43.4408188382492,124.21586610614456,4.666578415240581,0.42041471582574913
56.70488242823741,44.67443168462314,128.38940500469613,4.478438060397704,0.27107527307328727
54.22433310851636,48.473876478226664,113.82746813453076,4.107078567849074,0.42895362952774985
55.810415881221104,46.952438989203586,114.4169824605397,4.948743142492188,0.36081455659166756
54.67464236408079,49.06514348507277,108.99845767028305,5.428016288806904,0.32644131870852783
55.242489912481794,50.283249624485535,124.39501230620226,4.578452583609563,0.34860884552421817
56.48789256359228,52.64846377178365,127.78936503512114,4.1383726841056,0.3424914663932341
52.95444829191632,49.647506109704544,124.57772866151886,3.88041578997861,0.4354198027492402
60.23096818921365,52.43250821913101,136.74492433347538,4.6031903924884725,0.274632461077029
52.48495654625074,50.3223720740506,119.94403981170953,4.941550937326503,0.2966236532597381
51.96452846803067,40.12266716823064,126.68741655592513,4.690067098598153,0.42254120244507354
57.89527718375017,45.30332303090623,109.08299123860685,4.499038463632458,0.3083125545371298
56.97915673490734,49.27956222139192,116.12900297525599,4.264291339284277,0.41303731541321137
56.56029954263039,43.951526285794465,126.95537757565778,4.063134546912764,0.4689605188106097
56.5708637731607,52.999643649981024,128.49102110743144,4.833900530529953,0.3218743481140856
54.96938306788272,57.65375416171849,117.06033052335818,4.8655086485542345,0.39769536286027135
52.75686407128542,56.09380925848658,119.28400748141934,3.881708085323707,0.2692415403062099
55.18951139548432,48.93278564534896,104.82126253319191,5.135935591272274,0.40283133086474665
53.307095721219724,57.45363068424976,116.42970799193391,4.7296284883576005,0.36395967901907367
57.437799333544376,50.74333728601056,128.90383163519786,5.059837858058318,0.38311267975121505
54.63235654624465,48.3145701444098,125.75205016106567,3.963148900605954,0.30480995495752233
52.93625700801872,46.9329866822953,125.00665721381209,3.9536703378338243,0.23372416091029788
54.196535395867514,48.48765156755936,120.49773687180961,4.440412276093081,0.38522764453246533
56.03232863568906,48.05911590729386,120.07063158628176,4.701113770758078,0.20556177932643815
53.59068861799006,50.85208111187744,113.39678860526553,5.218544329170785,0.3277854655430225
52.94444901108392,50.802869905249324,126.98828420202534,4.7824315655260525,0.41588273064939785
55.60921802872978,50.01523010076707,124.20972944389389,4.402927489275187,0.3634328415111125
55.612416427771805,52.18469084873175,124.92018847992799,4.089452316933643,0.48638398513528686
53.73264206157218,55.95323137393171,114.7396515733242,4.99200022908766,0.42175764068072413
53.822404235954195,54.74777067720662,98.46657080128756,4.114117829699714,0.3042271128172096
55.58012484339409,42.575510157750486,130.97152711753697,5.151387421908929,0.3519119365896007
51.37978914625669,37.230394325490224,115.21162543991596,4.386246140157397,0.34668405082188947
51.48134056405861,54.67159955619637,111.37224235956879,5.13623282904714,0.23924762656577106
53.20388944686891,43.165606507922895,126.93478911913994,4.771572516023712,0.2841720758460952
54.46638212072038,48.87617299053658,116.07987360080871,4.445201804223017,0.31074673651140977
55.77726891399501,44.1494348697032,130.59936384046622,4.2922414512695495,0.2074645648000844
58.68839054237388,40.990097812099904,126.17005949576698,4.363636849061568,0.353324542777615
57.14414905800505,52.70731364102394,126.83569323200477,4.671326676950095,0.3325649708742871
54.600153675091434,53.79577580151324,106.34044288799466,4.5308625984870865,0.23289742690818976
54.95245948024328,47.1174479963664,132.119439853864,4.262475436772518,0.37829490056941323
52.49367658840548,37.04478853927545,122.61250531233856,4.433747435872947,0.40011109212836715
54.953717160019025,47.268777758737585,116.30722860753797,4.53143081188766,0.3658924135205422
54.27835340269966,51.959020027012734,121.43388467342251,3.8,0.3273152277353721
55.80679640084522,42.60544215612936,102.2376476710168,4.68326724591548,0.3914009506226298
52.93192264111919,50.91679959889578,124.08652811480671,4.108111510113277,0.39761542523336835
56.29836628560293,49.923450754135025,109.70628491817928,4.038667038717702,0.3715182498803782
58.831847282506445,52.89645749800544,106.47329714156466,3.8250622611557157,0.2922771424695667
54.728099628857855,50.59790184207077,104.7764081378211,3.8,0.3693620535857826
56.00427930524735,45.134655295592225,131.12688374989926,3.9578209987550843,0.4336836455577835
56.72535997927778,55.982857508322454,113.70736606307212,4.216391616947804,0.30823596589717883
53.99694882028541,49.20735213486515,135.337277099165,5.281303655010627,0.49685575373927016
55.56023120452604,49.86347730245034,114.64198536947703,4.289648129641918,0.3132058346210231
55.03148100195449,45.33366020463402,102.92642042407053,4.571100042507212,0.3522684909338095
55.24419024637208,47.78358874404245,108.8347556005134,4.660192554602531,0.30292600827955646
53.067475540361336,45.575986429865495,132.3581162000694,4.552426074486339,0.36562895851441823
55.06127543564736,49.135269700382885,118.44101822063332,4.469022615709602,0.2280444815155307
56.24499572811362,58.558542400711715,114.51712703509399,4.021882494560302,0.3117770740828295
58.6278590194876,43.140494285343216,121.60018225852788,5.080371019311685,0.2735515159756003
57.39817706521302,41.932193010616295,125.01782736167544,5.222878657455154,0.35947368435246035
60.38295614377889,57.35585163746804,131.17398815902462,3.8269365223509255,0.4196113162856235
53.08163109277988,48.95338161424067,134.48499229892926,4.0903885636454484,0.3952204330980186
57.180801591801696,46.65463630670042,116.40231354210914,4.388075863049197,0.1839838447398775
55.45835501434588,55.199523436980385,106.73952313917961,4.114184882035923,0.4929448757049516
60.47450733304418,46.97192230131568,115.86534838876725,4.702386221382346,0.37066959584346076
52.97925428661212,59.13004856773468,122.60280506582886,4.208691119037355,0.29564506016548997
52.90069539454806,53.38962935669635,110.3624107378939,5.366022427122641,0.3609989543293658
53.50151838638995,47.560442959271484,110.42849085104957,4.976219437737439,0.3623332875751884
49.69026068922548,60.786541066327516,123.43787881549885,4.585029612252886,0.3033205898133905
53.6856124457981,46.971425384983306,119.5134764842955,4.9107945053278925,0.36385416671394527
53.102168346115754,53.71047686004653,120.32796995411587,4.942360169742924,0.3074769398665785
55.375984466190516,51.49646290203246,112.41504665299931,4.274421004776703,0.32169466051169837
55.854389939442896,56.50870644699399,117.69599285794233,4.173513102183214,0.30196046049714403
59.69042709803971,57.807555983634266,110.75766855731696,4.531257225187859,0.24971300971822427
57.37605959546512,50.160020745328836,128.90198411124786,4.844654449799178,0.36020855291507686
53.55774086084399,46.23291064826908,130.35249334723753,4.555624159461367,0.39097096055614367
52.75396332162911,52.29986071469558,101.53812137761906,3.869201407123601,0.38604185172534605
56.22979792876627,46.61142315123947,110.7048913980759,4.178870222419663,0.40739476768446636
51.6994169824484,60.066936237633115,105.03470744909922,4.470410854562249,0.37270381470104075
59.57864691463588,50.68267665541369,113.49976065593101,4.469733758269668,0.31270921512481675
57.94860030180322,48.17339224343946,119.16562030209639,5.2890168707159235,0.4087764705101832
53.82706086973824,50.92340152932454,105.5035478030147,3.9456048230404006,0.25497377221106454
50.71716367727281,43.26436855235152,110.78140186874687,4.70223569673435,0.28695300322412637
58.384680935413535,45.14192980744674,109.96042627918501,5.095645243331316,0.2825059950003728
54.71365038686846,56.00206953972213,122.07267329398944,5.408579898169118,0.4256039241397517
58.09454077993365,46.71552860514302,120.6934433703625,4.338241030726415,0.4159951959898053
51.01393085301408,44.765445086590304,112.78262446662747,4.69657178108808,0.3841113665931496
53.501562442615565,52.68326376263643,121.76820872139398,4.727904142879459,0.4250350905648258
55.01310924929546,55.928520773314986,114.53319915412735,4.578192692621316,0.28845020523116083
55.11745148441185,53.594766553325336,117.28344889673947,4.460461919504278,0.3744016583902686
53.87483632130189,54.98023842902908,136.73452090298537,4.674390155800018,0.3412377900131785
56.557124830868744,46.21602455715269,133.40461051790348,3.8,0.40928174727194394
52.33094892654351,42.89094666629078,107.00418763072402,4.7728277960250525,0.34193430372134614
54.644051287446764,57.506668259777435,128.29732417879174,4.550471161464787,0.3230539978112943
55.300739079279744,48.38660080578932,128.1139655449159,4.4110100412886935,0.38786359629926925
56.28609708514687,48.745834917724764,108.51736711247382,5.3187448782878235,0.41133184170338627
56.77903719522222,56.64097070924529,128.1877764375486,4.230026392483779,0.30321583636072386
52.188394770405324,52.7811500470033,135.37931918412554,4.338769604373987,0.34572470300533364
51.16471457316094,52.279438860408035,108.77455193755586,5.2966213208818935,0.2759091556450843
58.194192054746274,60.82501172450542,110.82497178985736,4.167175478060058,0.18
55.83078502994898,46.78240884809929,130.17661466843504,4.279953886825385,0.364032174198961
53.12878365860862,54.63920064040619,122.71495310825648,4.44118983062766,0.39262337493782423
58.87787993880631,50.285065624485426,125.51476275239523,4.83629379285182,0.3683446766360708
55.289186585732146,51.34296139431628,123.40589216400497,4.583121002941326,0.21353067975719425
57.94824296015957,57.64234213206266,123.90695920928144,3.9829498611390948,0.3254405398946468
55.168796203525275,52.53917878144812,106.73527871688917,4.2871325747491245,0.19471565679642427
60.151869812204964,52.69148039524816,130.47317706621448,4.257058226715116,0.4458790775357929
59.38835210610801,55.362536686549014,131.69589992427774,4.469111581910782,0.27397617925173395
54.37758962880232,48.17523635228557,117.70609255931973,4.670337463451932,0.4378782526621927
57.42892737738589,45.80395166330497,119.56523050186138,4.667282302355189,0.4162108750578902
56.61343987396287,44.775954029894834,104.68892497444277,3.8,0.28695867532247565
58.42157889383087,40.16821705311999,125.14254756017834,4.9255763950243425,0.2707050534112578
52.58769134854974,60.28103564970161,125.72057441714144,4.601027538398649,0.37452591514704364
56.715128649996096,44.483958171391585,119.37808983000689,5.053812819037563,0.290897317397185
57.64606121712397,48.89373188207114,131.24353359870503,4.677679330916269,0.35717392495107453
50.60315128394222,48.6159335005554,116.6592276902006,4.940529183094305,0.3162020686435157
52.04185371833556,51.537033489045506,125.646059258936,4.6866181245800504,0.22531891098740564
49.90191955559975,54.078686062696484,109.80335661307885,5.038490302481099,0.19386723866128783
54.326482913888604,54.30236744179873,119.76447849125762,4.708900254407111,0.3658678973946218
56.793855639489905,47.08461280715531,118.25645742097164,4.460833901422839,0.3106909577568562
58.75589263024007,49.16439143106794,122.25307922040942,5.408973888178752,0.3112837128160107
55.18523695104944,51.4128997524415,116.30473071166642,4.855614848911957,0.39871046873656496
59.07153886392823,48.75654436908226,118.68527404328333,4.729497768401766,0.4321409593642711
51.54974635446277,58.03672788009996,128.26047171441508,3.9894782333846655,0.33092186950467334
50.74154390161211,52.45487475819126,115.63235762761782,3.984676953014585,0.3261580905163097
54.861130752758456,53.67438893024909,103.93422899261321,4.617086192856742,0.3850100123179719
55.96016362234827,53.31440634333706,137.4958390420542,4.5582084791072965,0.2550145101210297
54.91826312976477,55.86736928742663,133.81454078690487,4.254350973996673,0.3656207138323388
49.83139474990031,50.90510779351853,107.07737304894381,4.556393079844824,0.38863201802755076
54.777199901218026,43.51584026022077,126.89707805245195,5.135450771217438,0.397616114589234
51.738826248737865,51.998439758763205,114.97025229448657,4.77816098982012,0.2144273108248274
56.6741813720751,46.74321553104085,122.6348721533106,4.043596596098904,0.29670513111337415
55.91649561524212,47.35691659125121,122.94224129013493,4.455396469142823,0.2885215723023573
52.65030053418161,52.931820093775464,117.65592199683678,4.178013407658976,0.35699208680864486
53.715332706658266,56.191415357168175,112.16234334413603,4.344920033436575,0.38365212058375886
52.35196619527762,50.10635788368031,113.0945894768374,4.334553733748143,0.45476972852121866
54.84330225681707,51.54416506299482,110.83808084518758,4.308941766958398,0.31535241637423483
57.387855801253096,58.511074723176186,111.68177791769556,3.997945851210642,0.315169925118355
52.53568488416114,51.20376589744284,119.32821709950645,4.448938127392724,0.43047704132151227
56.26011628879461,63.008415570901974,112.84240010889248,4.275756945261076,0.37076038569712133
53.6743559540689,52.827548228157724,126.8205206571262,3.8,0.4387356057831582
53.01781791934414,41.196186204220915,134.87246155335927,5.321188809800665,0.3702109602106885
54.732424100113604,53.76670810552266,114.19946758629958,4.935507861686669,0.269001836690071
52.41189419395157,51.90579192441389,122.39404500535377,4.3494797100300016,0.2566810151655535
53.615876736632046,56.44876377041373,124.99685110302934,4.50752761989624,0.2413941425658749
52.00530526852788,53.365906756349794,124.72002270919275,4.0313382610729755,0.3963436284330931
59.91181283229097,49.30772008008113,120.75955267916088,5.178289151124346,0.4332017776160906
55.088158879929324,43.87850881855317,127.42682418359722,5.258915477909245,0.47945534989704663
53.25068623001854,48.95488371356988,124.82248952680658,4.56267749129861,0.40901737326262677
55.53494977683555,45.7473977289535,107.62337577672702,4.909412257674138,0.431398700427449
54.71917987577292,47.09738275097639,128.69156064389273,4.570114711573569,0.30939885671424205
54.447576001166944,52.942892022103045,128.8729083726674,3.9653098244496277,0.26905089282793
56.53541675010856,58.34952252175703,112.36713895821418,4.335270652414537,0.4095055532692287
56.89376927511826,51.9733576491149,120.37937835447602,4.552771186708783,0.379237652656758
53.67374713097368,44.02058468982408,126.83328992811069,4.318180912502623,0.35752110620386246
53.5604543983883,52.2230133411007,117.90686180420639,4.412538689025985,0.37711600364430925
54.31237075712089,55.98315743322826,130.7297804776601,4.463440176996354,0.37262298377207437
49.245197088161035,46.95108547840309,143.6387249461936,4.467648600853815,0.4398671801897493
51.21202234450362,49.32991416663541,112.14013967365018,4.520903396198993,0.4406489909371869
58.41718566861131,50.07344097364599,106.18955396846225,4.07575797344136,0.3880954246638243
59.11241928375321,46.0755084345888,123.03818595604876,4.213193540348826,0.409206201079405
54.377409901109054,53.24140216921929,127.21562505126144,3.986166293720012,0.3859843786697343
56.44139240763942,49.39525925696109,117.69133626155231,4.89112621987448,0.31771811875757666
55.77812538635884,52.09766221953514,134.53260663321035,3.8,0.4029595272439198
62.0,45.5625391109895,106.61394200276752,4.96143613732677,0.2523853451798517
57.79893727858644,47.812708498382946,126.9291862303161,5.054539758905138,0.4237724086607118
54.68020602129808,53.61190678913886,113.94139179241107,4.379127765206952,0.2663833942163775
52.61114889849893,48.13583423954117,137.19377906207296,3.8,0.37000623007563127
50.98388419935607,58.63481925616703,139.9251535316812,4.355475775213084,0.29083922291016884
55.50865908966806,48.00181907192699,112.33343412216652,4.474326335484473,0.38873722881520983
53.10912313678924,51.12342362875943,114.5044286409142,4.095760712028435,0.3476252341850464
51.44436572600581,54.66295415936545,128.595878869798,4.293912642476703,0.23836708292856668
53.38356778939368,42.90817133533484,116.12869350210485,5.11207807954534,0.3794489741712935
52.29612999096401,41.19595594009612,119.54588782067762,4.765970864920696,0.3095455456217102
59.21785408768141,42.371718427149524,120.2538842054241,4.13017435424876,0.41168027045693584
57.20409939237363,56.31292051713591,100.80326843802344,3.8609603321618273,0.3500927982114085
54.980068396708454,47.240709270537764,119.86162253905762,4.369193072956092,0.37767946897716265
58.69986034722507,62.79099642834126,113.10272225935826,4.414617288259825,0.28297017314893513
55.193420769119044,47.17876200671306,115.06877177600228,4.698479674945326,0.30874674380008466
52.84678949667934,50.922756515985185,134.43632003468815,4.285873314972936,0.31789529547292406
58.80781019317414,57.71054976283938,107.43493105720744,4.704599830144745,0.4099691736169789
56.347275109211644,60.03046444079561,128.13205186747976,5.274061616024092,0.46741639614638425
52.40688461418386,60.30751788318199,117.21037069668192,4.826200408977705,0.2936379773779986
54.52415330479098,56.04183115296571,117.20239831504166,4.480764597067691,0.4253793701260376
52.810954366538105,55.12031262905731,127.90371896051711,4.426739811578682,0.1981225807592008
51.54300067258916,52.96263474600592,123.4005129456889,4.357330746328051,0.2664067419235397
57.31544386882911,53.89180538083319,125.70612997219531,4.972256364980858,0.28288550806692575
59.773541601175324,47.244071418357336,129.68184660532862,4.249074621619479,0.25532439173914945
51.503581065452146,45.90900558288846,116.68691616816677,4.518089083599993,0.23914881271486937
56.40742309172643,49.98312771294524,113.8776326549225,4.520479160752434,0.37890992384964584
53.37339357719543,49.14907688737536,109.14849473442202,4.299286322875387,0.33501526115904967
53.782186540588256,47.733859753363625,111.74589470021044,3.9510137808463597,0.3765583778323577
53.51901518940283,53.481937237283574,149.49094425308726,4.629189801447067,0.3983330880285059
52.84002307580046,54.77652604285255,132.44679580736786,4.475598411257846,0.3685931895220773
55.12130406986207,50.442034431459234,106.48925633791978,4.700096187774628,0.39604342233052614
52.92262470897241,57.38765040527631,106.7754204325643,4.286559877424334,0.3451327399630411
55.6761420644496,44.29155442933247,124.81866061718492,4.988328519525219,0.2669104628185978
54.87440472637716,49.03170270360141,125.47264797377967,4.149290487515262,0.4240469926574557
54.40262988283398,46.41588839698598,125.48883835317365,5.184816113607157,0.3087621507053211
52.731090844896,40.6673169146347,117.45044206446302,3.800945396068695,0.28450825908663013
53.55807167357917,49.586596570786504,118.745457399971,4.673908025822756,0.3375457486936921
56.88847806456439,49.39126245808358,123.27879524159357,4.690172273010649,0.28610323564924406
56.25229296906095,57.567248716210656,120.85893006293331,4.181777172823647,0.3207798732607397
52.55611188800362,53.154058422773886,97.80699627252464,4.669757575144405,0.37408377450944263
55.248330763573065,44.87906587835398,117.70200369424806,5.011807467904063,0.3743839217472289
56.87846780842947,59.27046283167094,111.48593565739687,3.8,0.2871518953502059
50.82648679719657,56.10516847762676,121.75211418908512,4.7010979229963255,0.3158606238935879
56.35840048094984,52.910488517343076,149.8525900260341,3.8,0.42520331033391706
53.34344060263538,48.86757950575084,123.67481665474304,4.113734078590717,0.38474800824137584
56.4264966714829,45.202803816382605,116.86470313827603,5.151666545960378,0.4952545527543979
53.09185210864371,48.138966119644735,129.2180150197725,4.267287186643179,0.4326089721619069
50.4877947483387,55.443743098520926,124.82687887209212,4.030448014236411,0.4301005147991957
50.931143905292096,59.42293152967304,124.20094490451841,4.420824908406127,0.2528492014680938
55.120212366653455,57.71621764136094,126.06850593215671,5.327162535265421,0.40347022461433957
55.6493062543037,47.55575289106863,140.56543564829542,3.8,0.3462825238812162
52.73920843723898,44.401912833554945,108.69111564674084,4.079476035344262,0.3114312737523225
56.59648114694343,50.70443123455602,124.73632076811454,5.0989726732718506,0.36176107383727696
50.8461998443276,41.157803172185744,110.73618870018461,5.243080937415093,0.4161648074228038
54.83480050338171,51.615838570923906,125.55512646342248,4.458627510283886,0.3850582113702948
51.97245950059386,49.261987068506656,110.81313488513905,4.004378918989343,0.2885068339060558
53.3704097304946,47.66981749065879,115.82633186394915,5.338337400723663,0.4019721239514834
55.11849667829104,42.026484663666025,117.04910085762094,5.137776956699679,0.3053688720546825
52.84896658679012,52.568000532848586,129.7581671934471,4.771578795104893,0.3651678183275
54.038611139425434,47.33649580169044,129.18454443942414,4.175039060425032,0.3287654952766006
57.5157320230361,44.15041582144856,107.54282623553615,4.480388263664786,0.33467936237850615
53.55777032619213,35.63868893359175,120.5493411099985,4.435855967582068,0.40363700825283566
57.08923028016285,49.86242547474682,112.90420145250827,4.632340521846231,0.27718643961288714
52.175732863355954,58.86125798334872,107.41495089324665,5.0804005752525345,0.4861636551993853
56.32451044478821,58.30629607273935,117.8298294957563,4.851766816454961,0.2225239751493852
58.60392155164475,47.71451871706864,116.9151721154418,4.069049569206097,0.30816326217216
48.82088874968178,46.988939698191096,144.26716486345524,5.050598580007815,0.3759148322959218
53.00776186132381,52.34387128037512,124.32959825360696,4.625252856005262,0.3909019916504717
56.44268031795135,45.00807280405854,106.22382499245762,4.774826318343567,0.34296669955998055
54.49238653489252,51.50895949909733,114.35225995829057,5.086616343711441,0.345982650789892
55.927864683428275,53.83040139192345,130.213832954294,4.05536790019458,0.3787385059729331
53.49003703321045,56.13466611942154,140.88442772869925,4.485669768517415,0.33382513657796237
55.21647446868225,49.499229617600236,104.14016687762042,4.2874181794563135,0.4475226880554434
54.6108069115198,48.98163124911517,101.20075614860954,3.872856229853818,0.40875443799621214
57.91945515414952,45.6100870662172,138.70965175371782,4.638683991041968,0.4110977045703944
55.63605210825303,45.8655982298007,123.89614177370903,5.50462262063377,0.28236902936407077
55.844006655188004,48.86760554049236,111.31707268123634,3.8,0.3444428102916008
53.970307584693835,51.83682753408089,125.34629086122435,4.487087755580212,0.32896738358955074
53.780984439818766,54.567923131166246,93.64252260983122,4.756217174029909,0.2796079037017374
53.91860453045095,45.984105246598276,120.0337550659716,4.549231280662473,0.37521149287620364
55.98613035594574,57.46344284479761,123.27821172843085,4.454748778993704,0.3123647969554128
53.94753879794934,48.64438199478715,129.2427013953783,3.9803134546216703,0.3958782680895166
55.72443714224103,49.89316352825782,109.86104047707462,4.593114697176065,0.27508659059739676
60.188501996613596,46.263941604260886,120.8568716140336,4.1972944091936295,0.47033284289892746
57.17781175857923,37.87879869863529,110.74575373940412,3.8,0.28725671389855567
54.1849411695804,54.42022698180525,122.55383755674318,4.977836888205492,0.3653511636040305
58.00303480540986,53.684219485462165,111.04653677636976,4.883354327936817,0.40543015172716473
53.97981156744612,48.593362214408934,115.91899160839779,4.520664390740432,0.3100551698859921
49.904688662055364,50.33495358612436,110.04184605209771,4.591629875282281,0.4096728050403065
52.47978422270649,52.5796960885205,126.51136241823657,4.929727205086225,0.2639571481539708
50.32302019743536,42.18727071556729,128.58451116656664,4.589735862711233,0.4516482389427792
54.12121628989673,47.35473661326853,117.65379430042586,4.8616070219045255,0.3509904485476031
55.04604594797388,53.971323398109135,120.38237994960028,4.38100711965046,0.3082512014421784
59.19109328068821,43.72855288415375,105.51408585366455,5.024793495429579,0.32905727593007955
55.81731843441041,51.46778966083315,117.00323351993212,4.628314290373074,0.4066243488574903
54.45224867797784,43.21709097688297,119.49795382958256,4.577620777442349,0.30908812957046927
57.07351395295872,52.33214991216763,146.20793091029975,3.991975564515187,0.29754496174040557
49.472161727480284,49.82179258851258,108.88032974225837,4.614782341720684,0.3344924381691383
55.589036395271414,41.92434092047245,134.64177238752438,4.16721803300222,0.2676126521061022
56.92716298471742,55.82369677228586,129.9685877346581,4.244686909388602,0.4774380735559271
51.3035343855504,46.32704211600976,122.80636404490136,4.173849748673551,0.31035237861496934
57.85938510801732,45.948737814928094,137.58620484195134,4.07350602724031,0.4082131750326282
55.84624101873604,51.00284598615472,123.72105472606863,5.349908561206784,0.36466290585534405
53.961780215248,55.743186747143575,123.89159195667929,5.032535624795361,0.2810826164662622
56.58195466526571,44.92089090510802,119.46879346982455,5.268147000857705,0.34958317035510894
60.67673214451099,50.308399249239855,132.23568882418627,4.010841992177775,0.40488019455175234
55.45466563764624,52.14408250165287,130.96469233810885,4.528501499964357,0.33682170654395854
55.62055146575084,53.46552803631572,113.74322712503788,3.9825969499183618,0.433517906209572
53.85159775114939,50.882207776386124,106.80752805401232,4.221722049121174,0.42150607749473046
52.87538907633802,48.16486080458339,117.97019362604343,4.13274920663337,0.414324039826083
57.075839541360615,45.8620488967564,111.99961435602354,4.995833602576624,0.3178240259408902
52.85979043522783,50.43071941523188,119.36475425384644,4.341508128759296,0.2744110286552959
55.17891559304848,44.639304940071966,132.3743813468414,4.9273517334776065,0.30704886762460437
53.80585638308721,35.39324758252696,115.4269834491321,4.741648355835407,0.3637368658466704
56.19744956436598,52.18279902078834,119.57176618688425,5.421455500841915,0.3882050699472649
55.83415526321737,54.519674205430974,120.58022734808395,3.9082223107441103,0.19799000166676864
57.593849860644745,38.185337822290805,128.48430882205284,5.00369329591472,0.34943207588717745
53.72495900286313,44.95134647645031,97.53110666015395,4.958576348160291,0.36106624577262286
54.325312661766574,53.09577130502599,113.93299705234703,4.110648464789186,0.33057190205791137
52.55309071054423,60.2874773485585,122.11283692279473,4.902853334589264,0.4403891687311115
53.88926684980972,50.10396853837704,132.00078956426862,4.634457985210491,0.3795246051975609
55.94325123261213,46.35998529385433,115.08097552493795,4.409009496018637,0.4417134335656628
56.89247154161338,49.0855177944758,101.23447293958125,4.1704258052112,0.33488276357548374
52.69458668955593,56.87438209574093,126.19711445966136,4.212356219420325,0.4156234244754847
57.17401480026415,46.77017910437733,113.6463761117437,5.31992483831437,0.46445464761692634
58.38909464701238,46.004039966748735,108.1033334090964,4.500273127582993,0.4418185414490863
56.03358725805925,47.58628238908984,113.75654610286776,4.812852000612584,0.2735500884599887
59.691989531395166,45.23335695870644,118.15474642344151,4.183640247332979,0.3322426745720333
53.06552700224107,50.61335157997398,113.95255335461788,4.188058821511344,0.32583847061851423
51.88836324172146,58.1233922923478,97.9443394290093,4.932793923699977,0.3842478174553429
50.553199377739304,51.615396365580146,128.97066196887133,3.960169515379387,0.3980447488510173
58.74011077872296,48.73823248936856,132.74875041278722,4.333914492837891,0.2912775128181984
56.63591414088514,48.54094365542228,126.51521991339506,4.513610964428893,0.3547486959741856
54.861038322723864,42.18404595651671,108.62314329575183,4.544549040736021,0.2086050867490704
55.69992156579955,54.415548885735795,117.98508466052482,4.428362685993537,0.4509361504061323
52.18627738175406,49.61081401493599,119.93478684770542,4.658327912438369,0.3141338031526314
61.11437994904207,49.097600432046875,125.9879438956191,4.777142302327125,0.3539104757891148
55.32305295493807,65.0,126.68340488718081,4.793855018183732,0.32832452002083573
55.27348698651223,51.49376454182843,112.65826201221505,4.105678476532869,0.430221930250939
56.81441655974673,46.24104474952408,120.8199555641356,4.386337960828481,0.18
56.20252307934178,47.86821201897229,124.57280404615241,4.977905144750775,0.34883727603718634
55.55971006069783,55.74222854598377,134.55822322146767,4.857858875029549,0.3425926869751611
53.02381386138672,50.56635205268882,127.04506539824723,3.9508562194075743,0.3182454528685822
56.17867089283999,42.80861010841317,127.89056687375519,4.64059196014088,0.47083585819449425
59.705061241187586,54.596144672876015,120.8382662792936,3.8,0.287886937880096
58.36355011538745,46.65927957230503,134.10459145203504,4.518773960824148,0.40402573240649625
58.98296656659849,59.366488881087726,124.09762795959497,5.259106806698391,0.3749376952094258
53.721960808922034,55.40024032857324,111.3891208982643,4.120842913092406,0.4383063476774861
52.52598794935355,47.76339052170624,134.03369970125192,4.166270781803367,0.3032967640655746
54.68553269975088,56.40508180867556,126.97903272539028,4.805611912629144,0.2986921770613368
55.13931228072174,50.339277552637014,115.56955978871518,3.8828793939161415,0.42672489352341786
57.73547879617737,54.263868375611096,115.20507032600757,4.246897988045984,0.3797724915831077
50.76883842571295,52.42366408647237,122.96575545140762,4.738576455032701,0.24185438573262685
58.823875798651535,45.76821672504563,124.63184795267584,4.246285660924238,0.31224864898757104
54.604980253552526,46.78225083841269,121.97292265631206,4.405612005115612,0.37704678576936423
53.93279732513145,55.14980408790581,123.11308673442885,4.797674284126014,0.40864349550826123
52.46973906184958,48.326123339467294,136.9995737457638,4.668618433414625,0.30245385427649313
50.862858320335576,47.981757683790015,130.71543152234887,4.606727358518161,0.18
57.057926459904785,45.224387103253235,121.90635591265024,4.3643510882919845,0.3866256230015923
55.18329491797101,52.11799532796731,129.41310580767484,4.648024446107582,0.26457755170392167
51.77509775064736,60.31262459621573,109.6747609647246,4.450506927960097,0.20878628413143116
51.76230306984096,44.66233542872864,123.97927049946809,4.683122243970314,0.18
54.16053825177468,50.12109728336379,138.0930634973311,4.301227189952809,0.4069786602138419
59.17255381322348,57.061102777077146,117.81954104607627,4.426972410248183,0.3590032215283476
54.35102162159099,49.60179304377142,111.52366071380915,4.104016882979194,0.33420405335014236
51.242142617204735,52.26185898124867,113.4791111140694,4.485996955997505,0.4472317054073933
54.38564233978514,44.6880323592656,109.10366962657612,4.175599654548462,0.39461272781161505
54.31819107563082,52.141535486038244,112.15238091872297,4.054381419935202,0.4631410029905341
48.25778339264607,49.06427867497725,116.2949190140997,4.603464459142155,0.2525085169483102
54.86426283370547,54.928649978399314,105.94432980821358,4.585095910343064,0.3475814563232225
54.42266367447831,55.936930257823754,120.15618333949602,4.813149493979429,0.23683006375363896
56.740515912033544,62.94781821009307,129.02277173786646,4.32754977216996,0.3339432367701173
59.62239023736336,52.89816586606788,110.9224381985308,4.663221138734702,0.33259689023633254
57.81641257386939,51.62898158291083,135.19283923641768,4.720319028909465,0.3938629546084149
54.32777827361292,50.97192150788668,125.10792088527595,4.677909523132638,0.35318947167993286
52.23368522814582,48.23416853594656,130.30580585624057,4.169738526879143,0.3936384996795941
61.43339950812465,51.692419217308455,113.42165446147862,4.559745392908476,0.39924080931972256
55.14804608503622,48.52299294930485,128.54525227066617,4.645656118421865,0.5008450074168199
55.03482322978237,50.84230488134807,109.08066099604687,4.502871386763177,0.32792923412997127
54.939687282224995,56.587987678039795,128.9024750083651,3.8,0.28412841095335345
55.49521190191964,44.9672871736018,121.71839339793532,4.564195849589392,0.3672258530721486
54.63909897019014,55.699392805645225,125.53251219984784,5.385012415758897,0.29384039810023194
53.56584498279941,56.58557533669933,108.24405394375148,4.355984292497207,0.4537372537905575
53.63285264689902,49.40965736504461,111.04930157723395,4.208769160857871,0.3301747372738337
54.91811682446001,39.390725504957025,125.97228218253385,4.649339423884559,0.31040965424882067
53.641438072165585,46.96089006452784,110.51651995775799,4.624951284186628,0.3170078995194217
53.21788554330709,56.484972732805545,124.63206292099123,4.977094066166566,0.40028921964301484
55.26607556922974,49.88565968850559,106.32862193539754,3.996852737636445,0.33895771117379603
54.36255695644786,45.00348883852545,128.4817421266667,4.792552101029997,0.30508332259087323
58.75998247145672,47.476125393858915,107.6747668523149,4.736168824500585,0.46657463423364715
48.37257547901747,54.20310013252276,125.52299937679524,4.4431413852237815,0.2900681111536775
57.72876712980615,52.7336678410069,126.25630933646,4.6354749271686755,0.35248962518230953
58.11521298124407,48.805339504151526,113.03228181570425,4.911782992639343,0.39566143061271614
49.816524418979625,48.16587794092656,125.82026567084726,4.84892615201138,0.23580654227080483
54.14328101479913,48.04120925478089,122.60442263333556,4.042792275170508,0.38361823509841475
54.07139783501052,45.387949077507486,114.61158143807262,4.828063274702194,0.2761424627163685
51.48122076320545,58.07687844734721,109.91445315923792,4.474124557986993,0.40759479465838017
53.05545828102281,48.3883976539433,100.3737430832742,4.529149639206206,0.28261442916567164
52.22356038633543,56.085792604127484,123.49650047299694,4.5292787964006775,0.39849383222942025
59.38067610855906,57.60658025961226,104.35197228637945,4.439902804480696,0.4274083146406299
57.33919598286865,54.9915544907398,120.95344199441308,4.976682998842826,0.41030055679429633
58.1788877374854,47.84189843640976,117.36551783917751,4.466512816060315,0.36759216537666717
56.80418016010809,52.018650451683044,126.79142775438196,4.0521815486467325,0.333808933994921
52.17737057195693,49.87902196804542,116.97954500510136,4.342588057612108,0.30965062965656087
53.688699334300566,45.48149069634936,116.70552213652908,4.57147788672419,0.45297242835719725
56.2234364030698,51.62179640860801,127.31870704288295,4.99168591371882,0.3010353345882649
51.944680477770135,44.10480104420099,123.35058029084118,4.741237873979533,0.27740537485010025
56.78249607543097,55.93839694230782,123.16155957182778,4.159785888501182,0.3965758254522981
54.399186504604664,47.67691351350803,124.69267589808526,5.494075966671557,0.2942704237769453
54.06294798112601,51.0057982793642,104.64427876792894,4.605910124391192,0.2834955551773711
56.77739992050873,51.41643935773071,127.56788679986983,5.010156295199606,0.24894770164811642
56.1106582787151,48.705475131479616,126.12468794013603,4.439314226569108,0.31619631123776376
54.0975845854523,52.933469007376374,109.83316871423503,4.71334369788218,0.34420994832724544
57.89832450841062,47.62548171688738,117.55919526325799,4.835787401807362,0.3670164209362489
52.297341681000255,54.35648648728622,119.6069271237237,4.987277884701703,0.4165914371009638
56.53983901736066,43.27010159876626,118.65503215598267,4.92294732215129,0.38688285465660555
56.482753144920956,50.63189789773206,123.33859966568535,4.848878800029191,0.3366389446312774
54.22613390171502,59.694644995291426,134.31366781831184,4.373965307522356,0.3361263026534196
55.815332555605295,44.99834337697212,130.8176672767283,4.271301583217575,0.38571102282406283
51.872216059036745,46.61127514737574,106.87780806568594,4.6330430041296795,0.43907991140499986
57.31006754801725,52.569539248294575,126.22069990306049,4.873251228936428,0.358841993963824
54.53774465889253,50.89790890969799,133.2893331953541,4.4109117196893575,0.31716084020527135
53.6931924487024,51.753150496367795,123.86808520689203,4.926068786285755,0.2804993799240118
57.62252306459222,52.44593565073832,130.90980425185967,5.081046698194472,0.24883563149114418
53.2391407736431,53.17360734280885,140.12270445700764,4.133471632370632,0.3966388770430466
51.4788467590911,55.54849920978111,130.23709546106983,4.165231718481488,0.390458496654769
51.10842706619024,52.04909328464256,122.49308595641729,4.443849976437866,0.3904154467574663
56.5150248783641,48.79371172690729,130.45088474084753,4.623045067275679,0.34099383875535605
51.79892661875929,53.362868506013655,121.44887833096891,4.29017319449318,0.44848543221242254
59.386985454960914,59.49940967447608,120.23903043284956,5.040881071546858,0.31611170537906275
49.79517648029069,49.33683126808713,116.48585764286267,4.66962674460738,0.41686884660450435
59.241140920725094,45.127353476646796,135.63413358832108,4.515778819296296,0.34728799735073196
55.527543668006544,55.53540334643486,111.81571334057999,3.925636190452589,0.30741544647244634
54.75821722032402,49.39809418023201,135.32367724678116,3.9736736734289972,0.3914771215122433
53.63770228297763,39.13665226992982,124.99864123740372,4.612403700112723,0.3786745283078795
55.99784028588018,54.23710838575211,106.00693825198059,3.8,0.3749880931486848
54.90591324393788,47.32335907023039,123.67649292991422,4.905054963857629,0.35568948954393387
57.7582547050413,49.5473335884792,98.99973492348376,4.436738462251072,0.3473474842798218
55.2855691216551,51.65990165284507,126.25508016831036,5.797237187837893,0.5171860395009307
55.375754403654696,50.95249839889533,128.8523148298899,5.423166500246444,0.4328979651637321
54.090969469465364,53.547259085695195,114.07644044347947,4.427420372300993,0.4005978826489858
54.85763594069733,47.82256814715078,121.23547695955583,4.457465198987474,0.35782594107423715
55.76950442223015,52.565528990880416,139.54157433750285,4.898232605600812,0.4205010040417668
50.72457901835843,48.702266612080415,114.94253295738064,5.181269043967215,0.3862596343474016
51.62953644473572,53.694052404437514,109.410924129434,3.8447883770255933,0.35183433269418246
56.858160235056786,53.07683742006527,134.81663402462598,3.8,0.32875049723138594
55.427163595319854,45.32280648977702,139.62587190530795,4.2511860777782475,0.3443357863636118
54.5400416591183,55.42991058087516,120.03695671847848,4.733095033269546,0.18
55.04608483266348,47.32018277442976,130.11463035408357,4.698749436203038,0.36474205875083493
55.86895426340418,54.040288991405724,133.41475915530881,4.92790858199354,0.3158066743922748
53.650600799226595,51.8364365670067,112.57515767461616,4.0201209886538765,0.46148689987980185
53.05423818649422,59.190918383975614,115.14694164632132,3.8,0.3513540849568228
55.4896131377442,48.88267008814074,132.30874513154734,4.843205678120858,0.2667725606325526
52.55406805596242,48.25341601940901,136.8501427870851,4.1687214908139065,0.3465083892110317
56.02063188928618,49.90290197056134,125.62880860174354,3.8,0.27677152404562466
50.743540989405396,48.48410108582863,111.20185646497946,4.558025498383753,0.3831385190998726
57.57288909331411,53.99970950971025,139.8706111169944,4.817270275287471,0.370366315503764
56.181493706032605,41.91844695781706,114.69029102188036,4.451177147151489,0.41704877417757874
55.64007433578469,44.73158790426823,116.64862218828549,4.316860645527004,0.2946382745813804
57.456727459863785,44.66098539210403,123.42337834489622,4.436255107141637,0.35238056673597024
59.163686111156444,54.75153795986788,135.54160420714774,4.351766895039687,0.2544484743201355
57.535925162545325,58.553066862909624,128.53975976552223,3.960781155223933,0.39910463473473
50.39781442167089,49.47775390731264,124.14865500361911,4.2141277292038275,0.38632098263080855
51.80105758316075,49.155891384049944,124.63288530118106,4.708511962005526,0.38470635147192994
53.4379535557608,50.35026081556591,120.43514668643466,4.6286714165506,0.35011333219498586
55.065227625527086,55.80939151304095,125.58139514518507,4.567223922386728,0.37903410235521534
56.294147551172806,45.36323432904713,94.70439922305697,4.101940607258649,0.4623037375816017
53.185640467116336,51.191844913673926,117.03392540930201,4.427398735145733,0.330043402007059
55.4669169111927,54.87598814891215,122.4132193491678,3.8,0.3597051628597059
53.111542669116695,52.50547084969922,108.48985916380492,4.571390665554156,0.2739711590573013
53.47120549252013,50.94790808299372,123.8632331781156,5.071543083125427,0.2892217326881167
51.483347257879444,55.005230462835705,117.95528779013878,3.910347147183158,0.3568469305165315
52.69191688472274,36.48383853500381,137.5547569831549,4.265628930672898,0.4272753482691335
51.62078848595917,53.38937659765454,135.73019725214857,4.6316427114840515,0.3320603423023899
52.560316867556665,46.72962158436288,115.34194430881837,5.001137053770994,0.3334858429481513
57.6341044915196,40.846835515717714,118.49162288433304,4.32071015347994,0.32151803288469377
52.626502777920145,52.556012997624904,119.26052434391607,4.223099868293642,0.31256703304089734
61.580955162093474,56.86829272581479,115.48340523840378,3.8,0.3706480018996175
56.23329475220223,49.31275742686154,121.95024984028127,4.541375251723243,0.24519196483749484
55.46209030923718,54.76437273601469,112.4171793111241,5.316830416057497,0.4396657703666709
52.854105549546965,58.06139128994323,108.69384665062474,4.6109433847858705,0.30342043913093775
56.75077469852248,56.57457226792024,126.22711223900268,4.491088408326514,0.40053324398066986
53.56090543440556,58.199822646856965,126.29529584221811,4.628832924306794,0.26110009818242863
55.3050245366134,53.71063745535946,111.95684240340007,4.495563198420559,0.39681880913823525
61.400211345671984,50.377168194507966,128.953554307626,4.174794251095948,0.3970361225470148
54.75985025068837,41.990170940514155,113.68422270834668,4.829311966271082,0.37689414504041274
57.873183315714186,48.76968755935026,122.53165238037981,4.5903046092447015,0.2803900034740145
53.242058937185284,45.783767023419045,128.20344012612455,4.507045300773463,0.3674683732718654
54.91252877375759,60.854713587489066,119.66387435296286,4.1098535890887,0.2671860670685927
59.427001589088775,49.120570937838316,124.54740912141135,5.021403172773904,0.332306572143267
53.432582355530585,50.61602403392243,114.83570356112428,4.765881098133244,0.4220589170668728
59.53112139499232,52.75742688020234,118.03533416571902,4.2788316650530795,0.4057691348949519
56.76937983863869,50.21801223186227,117.9414056911966,4.9007299414727745,0.3510628059778303
53.59383306026433,58.47525520215377,112.5342165345976,4.3009716646459175,0.281763539685401
56.5810193476388,46.88675319132774,118.23225836884218,4.187198602995585,0.3951911398521935
57.431386124066826,50.97303727618621,104.51381701136253,4.196118753007885,0.35135668663886177
56.55452490554299,46.28764707150976,115.08846252857896,3.8,0.18757790812387032
51.07443820027386,43.39988744389647,117.15124506630329,4.6886169521672825,0.40478408784215625
53.18215706043783,46.94115454547357,117.4382024750462,3.8,0.34830370162912155
54.38120341112124,49.81481601475794,117.58502554129221,4.008622467493695,0.434171587358815
54.813916427249886,47.8534888774137,119.38235800139871,3.8,0.2733310636810036
56.551680243876696,46.53789510063072,124.79441518086064,4.465572122883643,0.18
55.444252502333136,42.96841268164083,128.74517074132524,4.439871815891252,0.36953587008416294
51.66163910322474,49.584472136856526,113.50234773151733,4.3693215147254545,0.37040945736773806
55.95049462751491,42.47639812984499,107.96799144610856,4.082968922131769,0.23165298606754833
56.526464363209556,53.80027981844801,109.57955587756896,4.031106498625344,0.2815050317893375
56.3994761198276,50.41219876467252,115.12797078805073,4.68574794541863,0.5428652420603931
57.70195181388655,42.712242502675345,116.48078682183491,4.279779227316605,0.32860725700923377
57.08480538637226,48.453954614750685,112.30003933802543,4.626543328614458,0.4011671283463351
56.14795019807109,46.239217972047086,107.03883335750106,4.145900525550311,0.3044538120842131
54.82458572135338,51.595872552095905,115.43879172525811,4.572425097108433,0.203678797080279
50.84759766621002,56.702252230115725,121.81426620113972,5.021311214926426,0.3380819227242866
56.07404554783147,40.62413765177128,125.95029465835565,4.7344663201571136,0.3314076807799726
55.519219217907775,50.575130395737084,114.42576946891678,4.335034472713408,0.322008523293214
55.67894709298843,49.1993360221668,115.87002177856566,4.602879588142371,0.3419751415145525
51.80812856044923,53.35670038225233,110.73301691152689,4.403733930187915,0.3684987790151945
52.29735864897934,51.06598314118845,119.68560829625224,4.503152073877891,0.3394918134122335
57.63288213333226,46.240153341305906,111.51571365809185,4.369755579140598,0.2615195682436845
54.901112115358366,48.40473032166691,125.731278132412,4.434265917645844,0.3840329354093357
56.70375174343156,46.019870715982556,102.14133508065889,4.584837341229671,0.21354397712743034
55.07079594032615,55.38003569299299,116.40370327547538,4.10265652016722,0.20647497799010595
55.07439034873936,50.106558243359714,123.01107339191742,4.093648469204009,0.40174263462910975
57.34570951494,59.50595342876504,121.83834516322504,3.9445829784675155,0.385491419049475
53.70988817945656,49.69669593092689,146.93033663980498,3.859891558198516,0.34598232444481747
55.24030194235246,46.45796616544769,123.49800024567908,4.013086923111808,0.25231860466714495
53.84431177823739,42.43142803693586,109.9594540315799,4.5637850027216516,0.3004462341528147
53.91375943141921,40.98430161872027,119.04535752910927,4.142884993803246,0.3316077276619447
54.2270696913284,42.07932028497255,102.23753666533548,4.705445785692438,0.23828742219981203
55.55533442908428,51.33563325505742,119.1940025070324,4.513885499501025,0.29826799393837367
53.80312844584131,52.54362511614967,111.66943942999241,3.8,0.39566312367236756
58.1393903139338,42.094046489839336,129.15390275560162,4.761990233688676,0.4499113755002451
52.76348174445124,54.47519157038058,114.50459725404465,4.824319458236684,0.3206395673139014
54.5328208895966,47.5846947415828,118.83234084204753,4.102454930066059,0.40295418480212686
53.900672354314565,50.73396505992775,113.64442158595597,4.668076617157997,0.21601579505887725
58.617444710884335,58.06110314127712,137.3885135185333,4.15740070503632,0.3961615868779528
55.49138694127894,54.48419657932766,116.78757233882088,4.539068150699334,0.2937236109690763
57.579611348671584,48.65734676047084,138.325570434792,3.9942006372180137,0.37151419316955786
51.28609906740757,45.544038872923565,128.14151762118266,3.8,0.33265733072322035
55.667625664673146,39.24092299335348,124.82066727335386,4.346873124154812,0.44242898068486836
57.224076989058595,46.4042334037879,123.68733147317519,4.450508421490065,0.28878950461620573
55.20570997318856,48.94434880586153,123.93797298216252,4.340928122554159,0.39393244082932816
57.66370093766338,45.06410236424408,100.7232742065439,4.026387776710976,0.33043447756924266
53.70677887474907,49.34371516453847,117.21116605849244,4.340040375147545,0.33891861653932354
58.52336860046395,50.38425941479384,128.4515797118432,4.607717901032293,0.3371302274788553
60.747245309048125,48.875720090959604,119.51102816525895,4.482042787950985,0.29080288268541205
54.092903598900854,46.7499870958827,105.94810153196426,4.5730004122396855,0.34901307238653295
53.88624369649807,50.84327335983364,119.4759554942253,4.231953919818307,0.34561462445147245
58.63346119279425,52.209703247847045,137.04105516255493,4.968687165886464,0.366886817388471
58.94893036432678,44.54800461278577,132.46891715534719,4.029530665378088,0.35591536019850034
53.69284993211683,57.054661898731354,119.37995990633968,4.695024118834687,0.4058596184728565
53.94953295726036,49.50705933857869,129.51449277058086,4.9727564371839845,0.4146456031233158
54.29553847784873,50.09424811472424,116.33492979631949,4.692363237099558,0.2764563674720539
51.63887372241431,53.541072116282784,102.96128413173281,4.418990309174068,0.410814075041354
52.703370133789505,51.16608065631751,110.75534011870445,4.288681181334808,0.26695645010231017
52.48964808311983,54.76568316956622,135.628887685082,4.914435060418502,0.39114991216964146
53.08050608723968,51.43562082600912,117.26006918170695,3.930810029895331,0.3933817149292008
54.91328778153305,46.93781312679781,117.56616020624982,4.111950295848143,0.21620781758362467
55.5855368313413,51.80751762603051,117.00161803725119,4.340976893803312,0.35650854725705866
58.876251232035195,44.281368963396694,139.04136589573008,4.995061503004799,0.3172052720647779
52.50411489815302,50.542798528882614,136.25958915362062,4.651907054416358,0.29688643194452374
57.46080599619146,49.8338500467777,142.18780233448135,4.112781696595902,0.44455966314893036
54.46502788943623,48.9594157136373,118.40954789599948,4.375876917846038,0.30424246015538065
54.876340725868914,49.357312442805345,122.95624488747094,4.2542707423614825,0.2935536149617365
56.68704873041651,40.59075477251181,104.83357450579209,4.216084403106586,0.3552986458003565
52.19319494609425,47.25637546129519,134.76934426118274,4.891555823422712,0.39799128224088914
55.956024365460124,50.46422450570557,108.32220448732065,3.951302748294598,0.3400845989792911
55.41613052053264,50.799281959987,122.16775563762629,5.143512342293749,0.43164593819684766
56.23112816002037,44.86162429537021,109.02697472367156,4.831291876073849,0.38716829633748634
55.72292160976954,56.328539204323505,114.11133173261304,4.936344668241479,0.19752520761879985
61.13825034977724,45.6691257589275,111.627375689503,4.314824195189897,0.3129373125545094
53.40565003937171,54.84728600263368,113.92124739324183,4.440023712368356,0.31067105304538106
53.67250761249546,52.13597180935842,114.60877296851021,3.926739274190115,0.3835552667400595
53.442148683938086,46.768863450780984,114.51731205074923,4.290135037173279,0.18
53.61130720209936,58.876554463047555,128.33333911780306,4.69746193905726,0.5284306796102406
53.40653218173371,44.0318158412176,108.9513720693748,5.0184252247125585,0.3871718266425947
57.97254132776888,54.59577086805001,122.20541427013868,4.057137273279019,0.36042137627423837
58.551260619974634,55.00291159021489,132.1795915230556,4.353797625205893,0.4327097401493402
53.57313426562631,46.64689895461677,114.86803635486604,4.439480311906991,0.5140557836968838
52.91911106723943,56.962326500321645,112.82081109252398,3.9416843191230058,0.4109522651211882
56.17853889096601,48.74976742700524,117.69475374819748,4.73653969670336,0.4164169167530134
53.61944238929757,51.44346814639928,131.7972520836071,4.210403867302956,0.3591483017125067
56.58232954438878,51.3016091938561,121.94107630953357,4.42184385952919,0.3400931972643136
55.507307552128246,49.32845629264726,114.68785705392402,4.319220251235249,0.3166943189196569
51.21063971250692,54.05404136579891,124.8387665118804,4.18426459771213,0.292172160579982
58.86876300332516,53.967443602761065,108.97707850163577,4.497182005807778,0.3019090130210352
59.4896941827388,41.257340133809095,126.81359510442948,4.413756168572791,0.25546108249599114
53.46802827378904,56.52170121439076,124.08607307701767,4.351256847088534,0.34468899845204837
54.03074610016004,41.68754005982163,116.92191528861116,4.208615351327863,0.2320732695941529
55.71466347681226,55.16273102170829,111.61414201552769,4.627809868313182,0.3633641566900597
55.83614197496756,55.633525684137915,111.13319077716542,5.161446907396914,0.3474568574370361
56.646360681682076,44.54516784892401,125.3481733634591,4.555954893135651,0.36028547088706814
60.02551134691588,47.945928560227074,132.28980502489063,4.898447285964451,0.3134507900986005
54.55763193126488,44.47147665757032,113.62692252971205,3.9439112299386148,0.55
53.00425688865386,48.92539484855632,124.58386703551484,4.5631045757175075,0.44520811301262186
51.551701929963684,48.45982857907129,99.12972981397931,4.061052672411574,0.2628820249940694
53.1726749001452,53.8983026613467,114.153822693428,3.9092300289872393,0.3663007661198829
54.91718256781551,56.55154373059804,119.68941067129099,4.204251437016386,0.3074395699943873
59.48639465879447,56.97841905394978,110.90316583018166,4.976759733765429,0.278986419130481
53.705971752409575,47.189159867108486,110.63493625210404,4.880006331467858,0.2561949550213245
55.55946987909724,48.95389063127736,113.32220443531114,4.59720188882176,0.38025516835314777
54.95894275981812,41.58280903889525,122.92192728326373,3.8869197760440275,0.3023033835451298
57.97098318362021,45.970649667519055,118.12670981593625,4.421487739444825,0.4177478216817643
61.317331064684055,54.82425816548729,97.61768766675029,4.620680003560694,0.4195647550171307
53.6728280676992,58.07791411774116,98.79299847364933,4.57021449183144,0.4461740069648015
53.77640139370445,43.82825564060039,113.93134822142825,3.8,0.2903329263748127
57.61040219267268,47.03767870423553,124.57686586053552,4.143872860792051,0.3832755927484407
56.70472872406578,49.867971215205365,92.52495157274765,4.474368894340514,0.394271795164961
59.616768314340085,51.400805794098034,115.00269823848369,4.714516363806876,0.3168075277427224
56.45982046331491,45.95198240039177,114.7375214348258,3.8,0.29597596298249873
54.10176977303235,52.12030522232045,133.88337778208447,4.435150409808057,0.4626664466043181
56.476637076730775,47.63080326464542,116.14978188287137,4.557219507951581,0.36592471130124377
57.77175895145727,49.927738645608606,123.82988984740929,4.839844795406485,0.39451774254982164
57.05120545299341,52.7314212400185,121.41257140087463,4.7771430336949745,0.29245467917204504
56.268185077768244,50.03211134905469,98.694335201928,4.733028527523522,0.2646500873434464
57.66668672397289,47.81807054736716,127.68207216631737,4.180023797319226,0.31013851578555224
57.923238976114185,49.451950980370846,122.15396505456287,3.8,0.34131850288270016
58.45539747759382,49.55818520397332,125.0826863967459,4.34277889717544,0.27550459952278555
56.62177471897411,48.14994485058936,150.0,4.900652730083424,0.34931086339447315
54.582204799207865,48.70601968666449,99.15887060501412,5.057381811009773,0.23180463683520497
55.36678421608331,57.99323585252358,137.24696649761108,4.7842196409191144,0.27159668042710894
58.016272416270894,52.80459723970619,117.12552480599645,4.6717363291206935,0.39696378737938126
52.957660822531906,48.5225984098542,122.87328904403009,4.651855859354386,0.39226533641945255
55.92168327218225,53.48477202255368,119.54487754698758,4.277552501295688,0.32256862642291934
54.0166529691816,48.33090255121995,115.75763666601956,4.447975882578552,0.27875649836461325
55.07186205733704,55.86562318793321,114.30167071761241,5.167627810330533,0.2780817513931792
58.196129656518245,51.84821096099047,123.29508735573009,4.12297679768325,0.323871222784108
55.47774767004976,49.46348927997886,104.8282630332832,5.145911516283941,0.3951162944151704
55.11609137039037,52.23858462905139,127.50579167521765,4.371188738203177,0.4149771983941027
51.6003596475502,42.145619239657506,115.83805595114747,5.030172843638032,0.31524277851626215
56.86563391506805,44.36616265545097,108.69930660959642,3.9372739962009846,0.26925553018106513
56.613710452852686,44.03037496800472,115.49987142004186,4.7343616804658595,0.36874905465064334
60.40813680826365,50.714715473818536,132.57149216862572,4.205291945620951,0.2923525520561905
54.2305544126175,58.66257499742546,114.64664912983777,3.933893123230325,0.3137223152797158
55.54787581915985,61.15650073096316,123.5845361820962,4.587413616964378,0.4427693263305926
55.62345920927689,53.19025550720379,112.69043724284526,4.903788715438387,0.40789807999960376
58.94363319940869,52.50422237472228,127.57921849923619,4.1620234245626015,0.3610582018576016
54.76176116903262,40.9947113292363,126.85507738790204,3.9003936158166397,0.26096566992210934
55.697553814425845,47.286631001329894,138.4860883329641,4.463262094266018,0.3647977597229461
56.51974127429135,46.061081240458805,118.24436054500785,4.4650258684891275,0.42438601035512685
55.4665228078909,46.89576200874442,126.68654804757907,4.7193278510217995,0.3237056433964125
53.88391596362368,49.15928090707605,120.98067539538944,4.879837828545796,0.44457798629907
55.48522498224577,47.63954711151436,132.95871781863013,4.476233927491003,0.44049217026627446
57.68407937464943,40.10350094812106,112.81167612391269,5.242201325917705,0.4664612982500431
52.43371175147235,53.73955128058767,127.45005312877281,4.589693897814117,0.3713670188571947
55.33242418536719,44.636284871300965,118.05302703883318,4.36142939759724,0.39111741898642083
53.249697962652064,51.196234320555746,119.35811822891502,3.855373056358869,0.4489931101831763
57.987616572312106,60.370413348749864,120.91752484448372,4.394936191873533,0.38131757559482826
51.19203273804057,45.403077042067885,122.52240396426677,4.365445221835546,0.3149136124546851
53.60269538182103,37.34856238626835,118.83770956878043,4.884121918512588,0.3186020014430497
55.9430296876613,48.569978890599444,122.14713183170527,4.684993449626742,0.3666988467641617
58.91381007308585,55.50479817499286,135.78118057562185,4.0282523513469535,0.25966070046376466
54.835624347317534,59.79173727110297,129.8544968561522,4.568901754564415,0.3399718759245065
53.612001183267004,43.85225202773792,128.69154592496898,4.768612468691622,0.4267582982761177
59.702892673601475,52.48349611618261,115.44460473976129,5.1112125437551335,0.1966122304184303
51.37996524895939,47.67344771609973,111.10759171771676,4.855001586965623,0.45741374712561605
49.50298510844979,49.470258228479324,129.55300558237752,4.804338661724591,0.42856619530922113
56.10003612513333,63.221716735085174,128.76046792529795,4.524034397846066,0.31781647689186665
53.74486443911847,42.48514835802423,134.72670675750982,4.65532480216938,0.3880373579510267
52.44691795717322,51.26869830747287,113.9601937403077,4.999801960282464,0.35022034088344284
56.770891118248386,52.33846585882716,117.70451344639653,3.96688904100814,0.4360993257907078
55.609501784428,55.42893162469674,103.60515837474566,4.360224269113218,0.41878781999389586
53.58980342315818,50.489915767354475,116.07528893939127,4.190972500497503,0.2519950493771893
51.79923900332276,51.54025269752051,129.96570510579448,4.651661247490449,0.39110836894249235
57.181143320700365,48.041757162891045,115.33504620771802,4.992088870260315,0.33560605024497264
56.62550294489665,51.34563470622554,126.40479795200824,4.26121028531157,0.35579827993626695
54.752060340551544,48.284038622512945,118.09496894002189,3.8,0.29902796693211287
59.61659249011917,53.107859449280255,123.2405702822156,4.335111701990212,0.4723695948384585
52.32478808418462,48.15194831978183,108.52308610184333,4.865389492806963,0.4228043273931803
51.186187072688156,51.88550196951093,120.852094496339,4.7150519611799515,0.2982160185218923
53.27022982529689,49.85368593157511,90.08864029099277,4.67127449912423,0.2565772575162837
54.88603495911126,55.63025125386084,118.13103841838016,4.388002679250208,0.3230029158315506
55.60834862330673,49.743031382057566,103.6952675628486,3.9883877055120855,0.3804151852263914
54.396909855359176,41.134837658965594,132.05994516546815,4.706117728649787,0.3668144090762356
55.88013849128574,56.30960750356996,127.77407352764511,4.16628727598615,0.43771929773377705
51.87115143952389,45.47133849568691,124.66670981966081,5.3736386933521825,0.40529438055265965
58.60941151018315,46.7311683067559,135.21006227159378,4.728202883341806,0.4178698318027035
54.794622054018575,47.02169352978254,110.51083479175163,4.26774067897842,0.3728798780427306
57.79323957897032,56.87219046585409,137.47363197915558,4.255445901044549,0.2527490888852306
55.85681336594426,39.32162893010652,129.32191564260384,4.462822317354565,0.33630110281971687
56.14188304788446,65.0,117.63444712781055,4.4041992311913,0.4242062817936066
56.42441820058051,55.28028404533026,131.35620147182945,4.946733510211982,0.34639339500327476
56.11927140004329,51.116194570645796,108.93706487588366,4.574566467897618,0.3852163258036623
56.60680689966886,49.72552999691857,111.75485838472326,4.207347304436588,0.3276876179327707
58.32288132533108,51.427770374288286,113.914102767603,5.256176274062313,0.2779131706020708
55.491302924253674,52.60561214189669,114.71022291935985,4.5197233326080894,0.34136591551677226
56.77250939397128,53.22607792975029,109.43442357239748,4.807535870387559,0.37163332101228574
54.77566076428193,52.778022330017244,132.23083067095325,4.256709397022096,0.3041018596376989
58.60029303862368,50.44790340627625,117.41145599630168,4.645246251097809,0.3335002128600332
53.309019244851825,49.01330789846337,123.5250496835688,4.624443996457278,0.2842375730609812
59.50235108227704,49.24363358173244,114.2964863358632,3.8,0.4283471442294867
54.899605123389144,49.0254585982366,101.79396699451483,5.306110044184256,0.3293880969688376
51.42306224470488,55.66885048433532,122.70057358391422,5.016257784369019,0.4516928881588328
55.32026103727697,52.96778361140431,100.87745024580224,4.341121873541605,0.45701234953786357
53.297370856312796,35.2980568266786,119.31365953914532,4.059092103817658,0.3443267824694779
57.10160887247181,53.279503882648804,106.3168496116719,4.639024645521421,0.2794085887216855
53.368440051744024,50.97368097359387,139.8727599923081,4.534679079765759,0.20398714855866637
53.88454141696305,49.90645621777051,129.1136272217472,4.642267579425292,0.24695740488812457
50.27614817263617,48.05740773455557,121.0575379127148,4.576630958477636,0.25383156225709375
53.869234201877305,55.620563599930065,132.63706677654667,4.70249639572237,0.4464928739223053
48.940301683427606,54.73763231061429,111.53684022534264,5.078922279756723,0.3581077211058862
51.04024294128569,46.135611660881956,125.43479378670094,4.727241282051459,0.3772723166864391
56.90103664036074,52.03526143562267,121.99810433718713,4.080137800436024,0.19457052937454114
56.96450039662708,45.14171632729357,122.6402008133367,5.045025141084981,0.26614234995479163
56.06364390446241,43.10190917605535,132.7235350010677,5.156245825395315,0.41209558435124005
52.58255964217697,46.86641387705017,127.32492102779803,5.760822693804834,0.37007418786678103
54.88072160964505,54.311967361913794,122.88723662825024,4.050602386704161,0.3396956304920082
54.99099365227358,54.76562522688043,103.45112563771704,4.59715280526011,0.3895389651020086
52.10408827701865,52.56542710048647,110.39953704720536,3.8,0.46450584642950704
58.75849575441788,53.625478934239986,118.77291066404275,4.721259662551684,0.33452702755240643
57.19340572643918,52.58089143557479,120.93372374276652,4.280719880733291,0.35485588618606484
54.447589565425844,46.79259202388524,108.69796275326077,5.269378317929982,0.3634817843111913
55.06721459748633,52.159612723369705,144.1167667557842,4.1901540119925675,0.5174476744691795
55.52095701986888,54.00204762613841,135.16394055253573,3.8243267848130955,0.20304506149066817
49.89566282893927,53.77145664906787,126.02118320392483,4.3114945037189925,0.3978256110352165
54.38205654369851,55.94456685737322,120.72036861283745,3.8,0.3419638425868655
53.295039380005505,53.54151923600532,117.87791030098848,4.800439781802924,0.38967402083289254
52.49594997526271,51.757241037707914,110.48081539977764,3.8,0.30398392122036927
54.29724926778511,55.350751191582134,120.77480518518863,4.5113830324732636,0.3465724478399085
59.49421631712381,49.8673937037547,122.57752540142751,3.8,0.39979874056258463
56.60210715316752,45.59062674386141,107.58239424518376,4.371880878185343,0.55
53.57205252554301,49.18466518028118,123.34176417244898,5.157351262321813,0.406562533258145
56.431456953390395,46.27548677596776,118.44740951175251,4.644259156574318,0.29063540813786437
